{
 "x_shift": -11947.792942507145,
 "y_shift": -24145.117931070432,
 "x_scale": 0.08369746653729324,
 "y_scale": 0.04141624003886846
}