{
 "12": {
  "mappings": {},
  "genes": {},
  "xy": [
   -973.1007212121212,
   -885.2674060606059
  ],
  "factors": {},
  "poly": []
 },
 "15": {
  "mappings": {},
  "genes": {},
  "xy": [
   -882.6712333333334,
   -867.1487000000001
  ],
  "factors": {},
  "poly": []
 }
}