{
 "12": {
  "mappings": {},
  "genes": {},
  "xy": [
   -973.1007212121212,
   -885.2674060606059
  ],
  "factors": {},
<<<<<<< HEAD
  "poly": [
   [
    -998,
    -921
   ],
   [
    -998,
    -863
   ],
   [
    -973,
    -838
   ],
   [
    -952,
    -838
   ],
   [
    -929,
    -861
   ],
   [
    -929,
    -925
   ],
   [
    -952,
    -948
   ],
   [
    -971,
    -948
   ]
  ]
=======
  "poly": []
>>>>>>> master
 },
 "15": {
  "mappings": {},
  "genes": {},
  "xy": [
   -882.6712333333334,
   -867.1487000000001
  ],
  "factors": {},
<<<<<<< HEAD
  "poly": [
   [
    -893,
    -918
   ],
   [
    -893,
    -856
   ],
   [
    -875,
    -838
   ],
   [
    -872,
    -838
   ],
   [
    -872,
    -838
   ],
   [
    -872,
    -897
   ],
   [
    -893,
    -918
   ],
   [
    -893,
    -918
   ]
  ]
=======
  "poly": []
>>>>>>> master
 }
}