{
 "12": {
  "mappings": {},
  "genes": {
   "ADAM9": 2,
   "AHCY": 2,
   "AKAP11": 1,
   "ATN1": 2,
   "ATP1A1": 2,
   "ATP6AP1": 2,
   "BRCA2": 2,
   "CDC45": 2,
   "COLGALT1": 2,
   "CRKL": 2,
   "CSDE1": 2,
   "CSE1L": 2,
   "DAP": 2,
   "DDB1": 2,
   "DDX21": 2,
   "DHX9": 2,
   "DNAJB1": 2
  },
  "xy": [
   -973.1007212121212,
   -885.2674060606059
  ],
  "factors": {},
  "poly": [
   [
    -998,
    -921
   ],
   [
    -998,
    -863
   ],
   [
    -973,
    -838
   ],
   [
    -952,
    -838
   ],
   [
    -929,
    -861
   ],
   [
    -929,
    -925
   ],
   [
    -952,
    -948
   ],
   [
    -971,
    -948
   ]
  ]
 },
 "15": {
  "mappings": {},
  "genes": {
   "AKAP11": 1,
   "DHRS2": 2
  },
  "xy": [
   -882.6712333333334,
   -867.1487000000001
  ],
  "factors": {},
  "poly": [
   [
    -893,
    -918
   ],
   [
    -893,
    -856
   ],
   [
    -875,
    -838
   ],
   [
    -872,
    -838
   ],
   [
    -872,
    -838
   ],
   [
    -872,
    -897
   ],
   [
    -893,
    -918
   ],
   [
    -893,
    -918
   ]
  ]
 }
}